elapsed, window, total, successful, failed
5.000321, 5.000321, 192, 192, 0
10.00132, 5.000999, 193, 193, 0
15.001281, 4.999961, 196, 196, 0
20.001299, 5.000018, 218, 218, 0
25.0013, 5.000001, 210, 210, 0
30.001344, 5.000044, 228, 228, 0
35.001271, 4.999927, 168, 168, 0
40.001324, 5.000053, 221, 221, 0
45.001287, 4.999963, 208, 208, 0
50.001289, 5.000002, 212, 212, 0
55.001275, 4.999986, 205, 205, 0
60.001274, 4.999999, 191, 191, 0
61.002035, 1.000761, 29, 29, 0
