elapsed, window, total, successful, failed
5.000179, 5.000179, 315, 315, 0
10.001227, 5.001048, 320, 320, 0
15.001199, 4.999972, 311, 311, 0
20.001236, 5.000037, 338, 338, 0
25.001111, 4.999875, 327, 327, 0
30.001113, 5.000002, 319, 319, 0
35.001137, 5.000024, 325, 325, 0
40.001141, 5.000004, 338, 338, 0
45.001108, 4.999967, 346, 346, 0
50.001143, 5.000035, 351, 351, 0
55.00113, 4.999987, 346, 346, 0
60.001101, 4.999971, 364, 364, 0
61.000933, 0.999832, 77, 77, 0
