elapsed, window, total, successful, failed
5.000419, 5.000419, 0, 0, 0
10.001433, 5.001014, 0, 0, 0
15.001426, 4.999993, 0, 0, 0
20.001381, 4.999955, 0, 0, 0
25.001389, 5.000008, 0, 0, 0
30.001382, 4.999993, 0, 0, 0
35.001388, 5.000006, 0, 0, 0
40.001382, 4.999994, 0, 0, 0
45.001381, 4.999999, 0, 0, 0
50.001389, 5.000008, 0, 0, 0
55.001379, 4.99999, 0, 0, 0
60.001373, 4.999994, 0, 0, 0
61.001429, 1.000056, 0, 0, 0
