elapsed, window, total, successful, failed
5.000089, 5.000089, 616, 616, 0
10.001113, 5.001024, 631, 631, 0
15.000979, 4.999866, 661, 661, 0
20.000984, 5.000005, 638, 638, 0
25.000981, 4.999997, 652, 652, 0
30.000979, 4.999998, 616, 616, 0
35.000981, 5.000002, 629, 629, 0
40.000976, 4.999995, 633, 633, 0
45.000978, 5.000002, 604, 604, 0
50.000976, 4.999998, 584, 584, 0
55.000981, 5.000005, 662, 662, 0
60.000981, 5.0, 660, 660, 0
61.001065, 1.000084, 124, 124, 0
