elapsed, window, total, successful, failed
5.000145, 5.000145, 28, 28, 0
10.00116, 5.001015, 34, 34, 0
15.001146, 4.999986, 35, 35, 0
20.001144, 4.999998, 35, 35, 0
25.001155, 5.000011, 31, 31, 0
30.001154, 4.999999, 36, 36, 0
35.001147, 4.999993, 36, 36, 0
40.001148, 5.000001, 34, 34, 0
45.001117, 4.999969, 38, 38, 0
50.001157, 5.00004, 33, 33, 0
55.00115, 4.999993, 38, 38, 0
60.001141, 4.999991, 38, 38, 0
61.000636, 0.999495, 7, 7, 0
