elapsed, window, total, successful, failed
5.000135, 5.000134, 5785, 5785, 0
10.001138, 5.001003, 5888, 5888, 0
15.00113, 4.999992, 5868, 5868, 0
20.001133, 5.000003, 5667, 5667, 0
25.001139, 5.000006, 5689, 5689, 0
30.001137, 4.999998, 5658, 5658, 0
35.001128, 4.999991, 5726, 5726, 0
40.001135, 5.000007, 5883, 5883, 0
45.001129, 4.999994, 5810, 5810, 0
50.001132, 5.000003, 5689, 5689, 0
55.00114, 5.000008, 5787, 5787, 0
60.001135, 4.999995, 5859, 5859, 0
61.000617, 0.999482, 1176, 1176, 0
