elapsed, window, total, successful, failed
5.000513, 5.000513, 518, 518, 0
10.001508, 5.000995, 526, 526, 0
15.001457, 4.999949, 521, 521, 0
20.001458, 5.000001, 529, 529, 0
25.001506, 5.000048, 523, 523, 0
30.001483, 4.999977, 522, 522, 0
35.001497, 5.000014, 525, 525, 0
40.001444, 4.999947, 525, 525, 0
45.00151, 5.000066, 526, 526, 0
50.001499, 4.999989, 518, 518, 0
55.00139, 4.999891, 517, 517, 0
60.001652, 5.000262, 520, 520, 0
61.001429, 0.999777, 104, 104, 0
