elapsed, window, total, successful, failed
5.000488, 5.000488, 0, 0, 0
10.001513, 5.001025, 2, 2, 0
15.001501, 4.999988, 3, 3, 0
20.0015, 4.999999, 3, 3, 0
25.001508, 5.000008, 8, 8, 0
30.001467, 4.999959, 3, 3, 0
35.001509, 5.000042, 4, 4, 0
40.001492, 4.999983, 3, 3, 0
45.0015, 5.000008, 3, 3, 0
50.001502, 5.000002, 3, 3, 0
55.001494, 4.999992, 4, 4, 0
60.001496, 5.000002, 4, 4, 0
61.000978, 0.999482, 1, 1, 0
