elapsed, window, total, successful, failed
5.000838, 5.000838, 2206, 2206, 0
10.000831, 4.999993, 2098, 2098, 0
15.00083, 4.999999, 2225, 2225, 0
20.000862, 5.000032, 2127, 2127, 0
25.000912, 5.00005, 2288, 2288, 0
30.000828, 4.999916, 2322, 2322, 0
35.000933, 5.000105, 2445, 2445, 0
40.000926, 4.999993, 2495, 2495, 0
45.000912, 4.999986, 2730, 2730, 0
50.000955, 5.000043, 2571, 2571, 0
55.000945, 4.99999, 2581, 2581, 0
60.000948, 5.000003, 2804, 2804, 0
61.000244, 0.999296, 552, 552, 0
