elapsed, window, total, successful, failed
5.000517, 5.000517, 772, 772, 0
10.001671, 5.001154, 829, 829, 0
15.001656, 4.999985, 810, 810, 0
20.001616, 4.99996, 805, 805, 0
25.001617, 5.000001, 835, 835, 0
30.001619, 5.000002, 811, 811, 0
35.001626, 5.000007, 837, 837, 0
40.001629, 5.000003, 776, 776, 0
45.001626, 4.999997, 848, 848, 0
50.001593, 4.999967, 789, 789, 0
55.001521, 4.999928, 830, 830, 0
60.001533, 5.000012, 799, 799, 0
61.001857, 1.000324, 183, 183, 0
