elapsed, window, total, successful, failed
4.999866, 4.999866, 9357, 9357, 0
10.000773, 5.000907, 9709, 9709, 0
15.000763, 4.99999, 9457, 9457, 0
20.000767, 5.000004, 9155, 9155, 0
25.000776, 5.000009, 9818, 9818, 0
30.000765, 4.999989, 9780, 9780, 0
35.00077, 5.000005, 9738, 9738, 0
40.000766, 4.999996, 9776, 9776, 0
45.000767, 5.000001, 9815, 9815, 0
50.000775, 5.000008, 9741, 9741, 0
55.000768, 4.999993, 9688, 9688, 0
60.000769, 5.000001, 9691, 9691, 0
61.001212, 1.000443, 1955, 1955, 0
